ID,Target
image0028975.jpg,0
ffhq_359.png,4
image0029090.jpg,4
image0027209.jpg,1
image0041497.jpg,3
ffhq_2224.png,3
image0023687.jpg,4
image0022722.jpg,0
ffhq_102.png,1
image0030719.jpg,4
ffhq_2.png,3
image0024241.jpg,4
image0014668.jpg,0
image0002163.jpg,4
image0034465.jpg,4
ffhq_1590.png,0
image0031882.jpg,2
image0005319.jpg,3
image0034509.jpg,4
ffhq_469.png,2
image0016063.jpg,3
image0031931.jpg,4
image0027248.jpg,4
ffhq_1276.png,1
image0015682.jpg,0
ffhq_1428.png,2
image0018980.jpg,3
image0027409.jpg,4
image0029168.jpg,4
image0026649.jpg,1
image0024496.jpg,4
image0000195.jpg,0
ffhq_3771.png,4
ffhq_4479.png,4
image0032775.jpg,1
image0028523.jpg,4
image0029464.jpg,2
ffhq_815.png,1
image0011187.jpg,0
ffhq_1331.png,0
ffhq_1420.png,1
ffhq_3525.png,4
image0017632.jpg,2
image0042368.jpg,0
ffhq_2320.png,3
image0031285.jpg,0
image0034929.jpg,3
image0034099.jpg,4
image0034433.jpg,4
ffhq_2272.png,1
ffhq_3472.png,0
image0025422.jpg,1
image0008214.jpg,2
image0029722.jpg,4
ffhq_1322.png,3
image0025428.jpg,0
ffhq_435.png,4
image0029372.jpg,2
image0030415.jpg,0
image0000399.jpg,0
ffhq_2452.png,4
ffhq_2629.png,1
ffhq_1452.png,0
image0001748.jpg,3
ffhq_5347.png,4
ffhq_4215.png,1
image0015760.jpg,4
image0020608.jpg,0
image0028636.jpg,0
ffhq_63.png,0
ffhq_2383.png,0
image0031176.jpg,2
ffhq_899.png,4
image0011335.jpg,4
image0020869.jpg,3
ffhq_1525.png,0
image0001892.jpg,3
ffhq_3758.png,3
ffhq_5517.png,1
ffhq_261.png,1
image0009966.jpg,0
image0036976.jpg,4
image0028659.jpg,4
image0009147.jpg,1
ffhq_1765.png,0
ffhq_2399.png,1
ffhq_355.png,0
image0031952.jpg,4
image0029282.jpg,4
image0003971.jpg,0
image0020814.jpg,4
ffhq_281.png,3
ffhq_4816.png,0
ffhq_3888.png,1
image0021662.jpg,4
ffhq_4828.png,1
image0027192.jpg,4
image0030503.jpg,3
ffhq_2796.png,1
image0021714.jpg,4
ffhq_499.png,0
image0039226.jpg,3
image0020787.jpg,0
image0000768.jpg,1
ffhq_5035.png,1
image0029556.jpg,3
image0029764.jpg,0
image0009117.jpg,1
ffhq_3805.png,1
image0022370.jpg,1
image0018194.jpg,0
image0037772.jpg,4
image0034398.jpg,1
ffhq_5345.png,0
image0027055.jpg,2
image0022387.jpg,4
ffhq_4226.png,1
image0039428.jpg,4
image0026568.jpg,2
ffhq_5655.png,1
ffhq_711.png,0
ffhq_2803.png,3
ffhq_460.png,4
image0038519.jpg,4
ffhq_741.png,0
image0026763.jpg,4
image0025887.jpg,1
image0016131.jpg,4
ffhq_1545.png,1
ffhq_1780.png,1
image0021425.jpg,0
image0024527.jpg,4
image0017322.jpg,3
image0019751.jpg,4
ffhq_402.png,4
image0017804.jpg,0
ffhq_2476.png,3
image0034147.jpg,2
ffhq_2598.png,1
image0019730.jpg,0
ffhq_388.png,1
image0020432.jpg,4
image0028117.jpg,1
ffhq_3710.png,1
ffhq_2625.png,1
ffhq_2875.png,3
image0042001.jpg,1
ffhq_4744.png,4
image0034190.jpg,4
image0040771.jpg,0
ffhq_3677.png,0
image0031878.jpg,0
image0031508.jpg,0
image0027652.jpg,1
image0040490.jpg,0
image0038680.jpg,4
image0035921.jpg,0
image0003171.jpg,4
image0028377.jpg,4
ffhq_2099.png,0
image0017051.jpg,4
ffhq_2171.png,1
image0017662.jpg,0
ffhq_2853.png,4
ffhq_13.png,3
ffhq_843.png,1
ffhq_3722.png,4
ffhq_4268.png,1
image0026598.jpg,4
image0030780.jpg,3
ffhq_279.png,4
ffhq_4691.png,1
image0013824.jpg,2
image0022328.jpg,4
image0041808.jpg,0
ffhq_505.png,1
image0026839.jpg,3
ffhq_4367.png,4
image0021428.jpg,1
image0021902.jpg,1
ffhq_2703.png,1
image0020717.jpg,4
image0025192.jpg,0
image0013547.jpg,4
image0006911.jpg,4
ffhq_236.png,4
image0024735.jpg,0
image0032152.jpg,3
image0033256.jpg,4
ffhq_2486.png,4
image0034531.jpg,4
ffhq_3076.png,1
image0022966.jpg,0
ffhq_4133.png,0
ffhq_893.png,1
ffhq_2413.png,2
image0019803.jpg,0
ffhq_4862.png,3
image0008605.jpg,0
ffhq_2073.png,4
image0001225.jpg,4
ffhq_1876.png,4
image0023806.jpg,4
ffhq_2053.png,0
image0032953.jpg,4
ffhq_860.png,1
image0038221.jpg,2
ffhq_1409.png,2
ffhq_898.png,4
image0024600.jpg,0
ffhq_1660.png,2
ffhq_4340.png,0
ffhq_390.png,1
image0036788.jpg,1
image0030794.jpg,0
ffhq_5157.png,1
ffhq_3195.png,1
image0037411.jpg,4
image0009666.jpg,4
image0008621.jpg,0
image0039400.jpg,1
ffhq_417.png,3
ffhq_4464.png,4
ffhq_2770.png,0
image0035155.jpg,0
image0027072.jpg,0
image0019273.jpg,0
ffhq_2987.png,0
image0002466.jpg,4
ffhq_1448.png,0
image0032462.jpg,3
image0025335.jpg,4
image0008693.jpg,2
image0032477.jpg,4
ffhq_2503.png,3
ffhq_684.png,2
image0037918.jpg,4
ffhq_3897.png,0
image0012101.jpg,4
image0037898.jpg,2
image0040106.jpg,3
image0021635.jpg,4
ffhq_1395.png,1
image0041321.jpg,0
ffhq_220.png,4
ffhq_1620.png,3
ffhq_3006.png,1
image0018210.jpg,4
ffhq_2457.png,1
ffhq_440.png,4
ffhq_4676.png,0
image0005049.jpg,1
ffhq_302.png,2
image0020797.jpg,4
ffhq_278.png,1
image0009379.jpg,0
image0025096.jpg,0
ffhq_2767.png,1
image0023918.jpg,1
image0012155.jpg,4
image0013755.jpg,1
image0024617.jpg,3
image0034318.jpg,4
ffhq_3862.png,1
image0033847.jpg,4
image0018787.jpg,0
image0027947.jpg,0
ffhq_443.png,4
image0030252.jpg,3
ffhq_2860.png,1
ffhq_5030.png,0
image0039173.jpg,0
image0037183.jpg,0
image0012997.jpg,4
ffhq_4360.png,0
ffhq_60.png,1
ffhq_2992.png,2
ffhq_795.png,1
ffhq_1550.png,1
image0029381.jpg,1
ffhq_463.png,2
ffhq_4282.png,4
ffhq_1128.png,3
image0009080.jpg,4
ffhq_23.png,1
ffhq_1851.png,4
ffhq_3350.png,1
image0039007.jpg,2
ffhq_399.png,1
ffhq_3182.png,4
ffhq_3827.png,3
image0004369.jpg,4
ffhq_427.png,3
image0021801.jpg,0
ffhq_3641.png,1
image0019006.jpg,0
image0015921.jpg,3
ffhq_1406.png,1
image0036128.jpg,0
image0029174.jpg,0
ffhq_4713.png,0
image0027750.jpg,0
ffhq_1203.png,1
ffhq_3972.png,0
image0020529.jpg,0
image0023310.jpg,1
image0013761.jpg,3
image0027593.jpg,0
image0023764.jpg,0
ffhq_1599.png,1
image0035935.jpg,3
image0026410.jpg,0
image0038301.jpg,3
image0010520.jpg,0
ffhq_1424.png,1
ffhq_1294.png,3
image0037563.jpg,0
image0030976.jpg,4
image0012603.jpg,2
ffhq_2780.png,2
image0038701.jpg,0
ffhq_494.png,4
image0030313.jpg,1
image0026589.jpg,2
ffhq_4793.png,0
image0020866.jpg,0
image0026872.jpg,0
ffhq_2980.png,0
image0025248.jpg,0
image0022187.jpg,4
ffhq_1998.png,4
ffhq_598.png,1
image0013235.jpg,4
ffhq_3334.png,3
ffhq_1621.png,1
ffhq_1579.png,2
image0016111.jpg,0
ffhq_2632.png,1
image0022225.jpg,2
image0017894.jpg,1
image0022583.jpg,0
ffhq_2681.png,1
image0015559.jpg,0
ffhq_232.png,4
image0027930.jpg,3
ffhq_441.png,0
image0006535.jpg,4
image0013603.jpg,4
ffhq_3451.png,1
ffhq_5614.png,1
image0027670.jpg,0
ffhq_632.png,4
ffhq_1723.png,2
image0027698.jpg,0
image0018915.jpg,0
image0010169.jpg,4
image0034148.jpg,4
image0041116.jpg,0
ffhq_4514.png,4
image0009337.jpg,0
ffhq_1511.png,1
image0003630.jpg,1
ffhq_3009.png,1
image0021094.jpg,4
ffhq_4384.png,1
ffhq_178.png,1
ffhq_2283.png,1
ffhq_3630.png,1
image0019951.jpg,4
ffhq_1240.png,0
image0007171.jpg,0
image0019942.jpg,4
image0026764.jpg,2
image0009402.jpg,2
ffhq_981.png,4
ffhq_5364.png,4
ffhq_2423.png,4
image0029323.jpg,2
ffhq_4876.png,1
ffhq_584.png,0
image0012111.jpg,0
ffhq_4178.png,3
ffhq_3956.png,1
ffhq_2823.png,0
ffhq_2363.png,1
ffhq_4358.png,0
ffhq_1363.png,1
ffhq_1148.png,0
ffhq_143.png,1
image0007233.jpg,0
image0034042.jpg,4
image0039614.jpg,4
image0032841.jpg,1
image0005113.jpg,4
ffhq_374.png,1
ffhq_2972.png,1
ffhq_1093.png,0
image0027579.jpg,4
image0031151.jpg,4
ffhq_1976.png,1
ffhq_1163.png,3
image0001524.jpg,0
ffhq_729.png,1
ffhq_4074.png,1
image0030680.jpg,3
image0022756.jpg,0
image0002524.jpg,1
ffhq_210.png,1
image0041638.jpg,4
image0027873.jpg,0
image0027212.jpg,4
image0025276.jpg,3
ffhq_2581.png,4
image0030161.jpg,0
ffhq_3483.png,1
image0030055.jpg,4
ffhq_3344.png,1
ffhq_2306.png,1
ffhq_3604.png,4
ffhq_2393.png,4
image0029574.jpg,4
ffhq_1184.png,4
ffhq_2259.png,1
ffhq_1786.png,3
image0020072.jpg,4
image0026937.jpg,4
ffhq_764.png,1
ffhq_3155.png,1
image0023649.jpg,2
image0031404.jpg,4
image0037835.jpg,3
ffhq_289.png,0
ffhq_4572.png,0
image0036014.jpg,1
image0030155.jpg,0
image0014523.jpg,4
ffhq_4685.png,0
image0028492.jpg,3
image0029586.jpg,0
image0001501.jpg,4
image0028945.jpg,0
ffhq_24.png,4
ffhq_4213.png,1
ffhq_2811.png,4
image0031683.jpg,1
image0020750.jpg,0
image0031060.jpg,2
ffhq_1892.png,1
image0017758.jpg,3
ffhq_4274.png,1
image0010062.jpg,4
ffhq_1518.png,1
image0012343.jpg,3
ffhq_2591.png,1
image0030165.jpg,4
image0029717.jpg,0
image0036355.jpg,3
image0020613.jpg,3
ffhq_1819.png,1
image0024085.jpg,0
image0020692.jpg,4
image0032293.jpg,4
ffhq_4224.png,4
ffhq_1859.png,1
ffhq_5441.png,1
image0013087.jpg,2
image0020761.jpg,0
image0005047.jpg,0
image0038428.jpg,0
ffhq_2184.png,2
image0014981.jpg,4
ffhq_3744.png,4
ffhq_5457.png,4
image0011831.jpg,0
image0026977.jpg,0
ffhq_4838.png,1
image0031172.jpg,2
image0030109.jpg,0
image0025578.jpg,0
image0035267.jpg,4
image0033570.jpg,0
ffhq_2747.png,4
ffhq_4262.png,4
ffhq_206.png,2
ffhq_2377.png,4
image0020084.jpg,3
image0017673.jpg,4
image0029682.jpg,4
ffhq_495.png,4
image0038821.jpg,3
ffhq_4426.png,1
ffhq_2098.png,3
ffhq_3842.png,1
image0024994.jpg,0
image0024901.jpg,4
image0014239.jpg,0
ffhq_2976.png,1
image0025313.jpg,4
ffhq_4952.png,1
image0001283.jpg,0
image0011962.jpg,4
ffhq_2558.png,0
image0018238.jpg,1
image0017733.jpg,0
ffhq_4447.png,1
image0025817.jpg,0
image0027010.jpg,3
image0021058.jpg,4
image0006520.jpg,4
image0026796.jpg,4
ffhq_4897.png,2
ffhq_3058.png,4
image0013831.jpg,4
ffhq_1468.png,4
image0019686.jpg,4
image0015541.jpg,2
ffhq_727.png,1
image0007579.jpg,2
ffhq_2188.png,1
ffhq_1316.png,1
ffhq_875.png,1
ffhq_3619.png,1
image0034234.jpg,0
ffhq_1861.png,4
image0039145.jpg,0
ffhq_1002.png,2
image0027403.jpg,0
ffhq_1572.png,2
image0015491.jpg,1
ffhq_258.png,3
image0033092.jpg,4
image0016327.jpg,0
image0034282.jpg,1
ffhq_4471.png,1
image0033131.jpg,4
ffhq_3782.png,3
ffhq_3161.png,1
image0041005.jpg,3
image0023545.jpg,4
image0009438.jpg,4
image0034239.jpg,4
ffhq_2447.png,4
image0019899.jpg,4
image0023329.jpg,1
ffhq_755.png,1
ffhq_4193.png,4
image0022819.jpg,1
image0002461.jpg,0
ffhq_2544.png,1
image0015935.jpg,0
image0034240.jpg,0
image0017380.jpg,0
image0036159.jpg,1
image0032966.jpg,4
ffhq_4619.png,1
ffhq_1043.png,0
image0010859.jpg,0
image0033690.jpg,3
ffhq_84.png,3
image0023102.jpg,2
ffhq_4401.png,0
image0031010.jpg,3
image0021039.jpg,3
image0026674.jpg,0
image0029271.jpg,0
image0020478.jpg,3
ffhq_1210.png,1
image0013090.jpg,4
ffhq_2344.png,2
image0021312.jpg,4
ffhq_4466.png,1
image0019283.jpg,0
image0012815.jpg,0
ffhq_1461.png,4
ffhq_2856.png,3
image0042426.jpg,0
image0012197.jpg,4
ffhq_2719.png,1
image0020606.jpg,4
ffhq_1310.png,1
ffhq_4574.png,0
ffhq_675.png,1
image0041770.jpg,1
image0006222.jpg,3
image0026605.jpg,4
ffhq_4700.png,1
image0028971.jpg,4
image0017976.jpg,4
ffhq_1729.png,0
ffhq_196.png,1
ffhq_2242.png,4
image0008920.jpg,3
ffhq_2588.png,1
image0016855.jpg,0
image0000020.jpg,4
image0030816.jpg,4
image0024275.jpg,3
ffhq_2725.png,4
image0026625.jpg,2
image0025367.jpg,3
ffhq_1382.png,2
image0032694.jpg,1
ffhq_129.png,2
image0020077.jpg,0
image0022760.jpg,3
ffhq_4370.png,1
image0008854.jpg,0
image0030289.jpg,0
ffhq_1827.png,1
image0022417.jpg,3
image0013792.jpg,1
ffhq_4047.png,1
image0017704.jpg,4
ffhq_5641.png,0
image0000849.jpg,2
ffhq_2315.png,4
ffhq_4261.png,3
image0026282.jpg,0
image0012501.jpg,4
ffhq_96.png,2
image0038074.jpg,0
ffhq_1917.png,1
image0026549.jpg,0
ffhq_223.png,1
image0027095.jpg,3
image0034915.jpg,0
image0020375.jpg,0
image0003669.jpg,0
ffhq_3886.png,0
ffhq_370.png,1
ffhq_35.png,3
image0007601.jpg,3
ffhq_305.png,0
image0023679.jpg,4
image0018624.jpg,4
image0021959.jpg,3
image0021542.jpg,4
image0024016.jpg,4
image0020379.jpg,3
ffhq_4376.png,1
image0012533.jpg,0
image0026830.jpg,1
ffhq_1307.png,4
image0030610.jpg,0
image0035502.jpg,0
image0033357.jpg,0
ffhq_1648.png,3
image0021643.jpg,3
ffhq_41.png,1
image0033187.jpg,0
image0026982.jpg,4
ffhq_591.png,0
image0036058.jpg,4
ffhq_1769.png,4
ffhq_4263.png,1
ffhq_311.png,1
image0011180.jpg,0
image0028951.jpg,3
ffhq_4286.png,4
ffhq_89.png,0
image0030218.jpg,4
ffhq_2094.png,1
image0017271.jpg,0
image0042264.jpg,0
ffhq_66.png,0
ffhq_48.png,3
ffhq_1688.png,1
ffhq_566.png,4
image0025427.jpg,0
image0034181.jpg,2
ffhq_1676.png,0
image0008971.jpg,0
image0015214.jpg,1
image0024368.jpg,0
image0022281.jpg,1
image0028164.jpg,4
image0014651.jpg,0
ffhq_456.png,1
image0026453.jpg,0
image0026381.jpg,3
image0003252.jpg,3
image0013890.jpg,4
image0028772.jpg,3
image0017080.jpg,0
ffhq_3762.png,0
image0014681.jpg,0
image0030744.jpg,4
image0041366.jpg,0
ffhq_3952.png,2
image0018260.jpg,4
ffhq_605.png,4
image0008305.jpg,4
image0018517.jpg,2
image0025116.jpg,4
image0023926.jpg,4
ffhq_2262.png,3
ffhq_713.png,0
image0019328.jpg,3
image0030021.jpg,0
image0042164.jpg,4
image0033063.jpg,4
image0038706.jpg,4
ffhq_400.png,4
image0023848.jpg,4
ffhq_5439.png,0
image0029141.jpg,4
image0020552.jpg,0
image0028706.jpg,3
ffhq_569.png,1
image0026591.jpg,0
image0041955.jpg,3
image0020323.jpg,0
image0027604.jpg,4
image0006411.jpg,2
image0004385.jpg,0
image0033643.jpg,2
ffhq_3357.png,1
image0035833.jpg,4
ffhq_286.png,3
ffhq_3974.png,4
ffhq_5502.png,0
image0021348.jpg,1
image0038483.jpg,4
image0017513.jpg,0
ffhq_2658.png,1
ffhq_609.png,1
image0032492.jpg,4
image0038653.jpg,4
ffhq_222.png,0
ffhq_262.png,4
image0009389.jpg,4
ffhq_5411.png,1
image0027295.jpg,4
ffhq_1742.png,1
image0030257.jpg,0
ffhq_2109.png,1
image0019204.jpg,1
image0008040.jpg,4
ffhq_760.png,1
image0042527.jpg,4
ffhq_2925.png,1
ffhq_1073.png,2
image0024303.jpg,0
ffhq_247.png,0
ffhq_1708.png,0
ffhq_3663.png,1
image0030065.jpg,3
image0019127.jpg,4
image0005726.jpg,4
image0008244.jpg,0
image0038030.jpg,4
ffhq_578.png,4
image0029592.jpg,0
image0020273.jpg,3
image0022997.jpg,3
ffhq_70.png,1
image0020404.jpg,1
image0037404.jpg,4
image0033179.jpg,4
image0030613.jpg,4
image0023432.jpg,0
ffhq_3879.png,4
ffhq_5399.png,4
image0009576.jpg,4
image0023932.jpg,1
ffhq_4708.png,1
ffhq_1211.png,1
image0017892.jpg,4
ffhq_2027.png,3
ffhq_583.png,1
image0031623.jpg,0
ffhq_4551.png,1
ffhq_5610.png,1
ffhq_1699.png,2
ffhq_4703.png,0
image0039501.jpg,0
image0018386.jpg,0
image0005125.jpg,3
image0001046.jpg,2
ffhq_4932.png,1
image0002805.jpg,0
ffhq_546.png,3
image0027496.jpg,0
ffhq_3171.png,1
ffhq_3690.png,1
image0020967.jpg,3
image0003315.jpg,3
ffhq_1817.png,1
ffhq_2231.png,0
image0028246.jpg,0
ffhq_2353.png,4
image0021469.jpg,0
image0031066.jpg,1
image0036532.jpg,4
image0026606.jpg,1
ffhq_3865.png,1
ffhq_5088.png,0
image0026428.jpg,0
ffhq_1834.png,0
ffhq_2206.png,3
ffhq_139.png,0
image0010950.jpg,4
ffhq_1469.png,4
image0024603.jpg,0
image0020825.jpg,0
ffhq_2552.png,0
ffhq_231.png,3
ffhq_3555.png,4
ffhq_847.png,1
image0027987.jpg,0
image0039856.jpg,1
image0038495.jpg,0
image0006672.jpg,4
image0029569.jpg,0
ffhq_5227.png,1
ffhq_208.png,4
image0039255.jpg,1
image0037999.jpg,2
image0034442.jpg,4
image0031022.jpg,4
ffhq_2063.png,1
ffhq_3806.png,4
ffhq_3517.png,1
ffhq_1711.png,1
image0009592.jpg,1
ffhq_373.png,0
ffhq_4754.png,0
image0034672.jpg,1
image0026012.jpg,4
ffhq_661.png,4
image0025675.jpg,4
image0032195.jpg,1
ffhq_759.png,1
image0001066.jpg,0
image0019564.jpg,3
image0004247.jpg,4
image0016588.jpg,2
image0040441.jpg,4
ffhq_3567.png,1
image0028215.jpg,0
ffhq_3040.png,1
ffhq_2158.png,1
image0029688.jpg,4
ffhq_4533.png,1
image0011569.jpg,0
ffhq_1146.png,3
image0027411.jpg,2
ffhq_2032.png,0
ffhq_1098.png,1
image0032404.jpg,4
ffhq_1274.png,1
image0027937.jpg,4
ffhq_406.png,2
image0033186.jpg,2
ffhq_3085.png,0
image0014942.jpg,4
ffhq_920.png,3
image0027317.jpg,0
ffhq_5398.png,4
ffhq_3892.png,1
image0021390.jpg,3
image0030032.jpg,0
ffhq_869.png,3
ffhq_506.png,3
image0039126.jpg,4
ffhq_2037.png,0
ffhq_3583.png,4
ffhq_353.png,3
ffhq_2713.png,1
ffhq_2532.png,1
ffhq_747.png,1
image0013710.jpg,4
ffhq_1188.png,3
ffhq_862.png,0
ffhq_3154.png,1
ffhq_543.png,4
ffhq_4659.png,0
image0025062.jpg,0
image0027746.jpg,0
image0019555.jpg,1
ffhq_1075.png,1
ffhq_2235.png,2
image0030251.jpg,4
ffhq_2056.png,2
ffhq_1196.png,1
ffhq_1978.png,1
ffhq_1915.png,0
image0028247.jpg,3
image0036252.jpg,1
image0024358.jpg,4
image0027527.jpg,4
ffhq_2863.png,1
image0028144.jpg,0
image0017565.jpg,1
image0031968.jpg,4
image0005495.jpg,4
image0032055.jpg,4
image0016252.jpg,0
ffhq_797.png,1
ffhq_4244.png,0
ffhq_2999.png,1
image0030751.jpg,0
image0026691.jpg,3
image0026558.jpg,0
ffhq_3626.png,1
image0019373.jpg,3
ffhq_1157.png,0
image0023839.jpg,4
image0033557.jpg,1
image0027619.jpg,4
image0015784.jpg,0
image0020776.jpg,4
ffhq_1667.png,4
image0037764.jpg,4
ffhq_1730.png,1
ffhq_2003.png,1
image0027322.jpg,4
image0029461.jpg,0
ffhq_1792.png,4
image0032771.jpg,1
ffhq_4071.png,1
ffhq_4824.png,3
image0009784.jpg,0
image0021865.jpg,4
image0036037.jpg,0
image0032036.jpg,4
image0026930.jpg,4
image0016519.jpg,3
ffhq_2989.png,0
image0029679.jpg,4
ffhq_3926.png,1
image0000281.jpg,4
image0028622.jpg,2
image0020074.jpg,0
image0025904.jpg,4
image0030622.jpg,3
image0029884.jpg,4
ffhq_5426.png,4
image0031865.jpg,4
image0026005.jpg,2
ffhq_4301.png,1
image0001492.jpg,4
image0034343.jpg,3
ffhq_5222.png,2
image0020381.jpg,3
image0033028.jpg,3
image0014003.jpg,0
image0021066.jpg,3
ffhq_1893.png,2
ffhq_227.png,4
ffhq_1458.png,1
image0002731.jpg,2
image0023693.jpg,3
ffhq_5144.png,4
image0012085.jpg,0
image0007934.jpg,3
ffhq_163.png,0
image0042370.jpg,0
ffhq_2498.png,4
ffhq_2251.png,1
image0024432.jpg,4
ffhq_5366.png,2
image0036264.jpg,3
image0021155.jpg,4
image0014376.jpg,3
image0001819.jpg,3
image0020522.jpg,3
ffhq_4314.png,1
ffhq_1485.png,0
ffhq_4137.png,3
ffhq_1867.png,1
image0010853.jpg,4
image0023087.jpg,3
image0020817.jpg,3
ffhq_3667.png,3
image0019133.jpg,0
image0023930.jpg,4
ffhq_3586.png,1
ffhq_381.png,4
ffhq_1425.png,1
ffhq_2164.png,2
image0032969.jpg,4
ffhq_537.png,1
ffhq_103.png,1
image0009130.jpg,0
image0024476.jpg,0
image0034246.jpg,2
image0002635.jpg,0
ffhq_2885.png,1
ffhq_167.png,0
ffhq_4601.png,4
ffhq_4233.png,1
image0010569.jpg,0
ffhq_3606.png,1
image0027899.jpg,0
image0025072.jpg,4
image0028647.jpg,4
image0032619.jpg,2
image0032952.jpg,0
image0028593.jpg,0
ffhq_2434.png,1
ffhq_2416.png,4
ffhq_313.png,2
ffhq_597.png,3
image0029086.jpg,0
ffhq_4232.png,1
image0000118.jpg,3
image0027300.jpg,0
image0014715.jpg,0
ffhq_1101.png,0
ffhq_2699.png,3
image0027547.jpg,0
ffhq_4216.png,0
ffhq_3869.png,1
ffhq_3724.png,1
image0028194.jpg,1
image0031074.jpg,4
ffhq_1513.png,0
image0025156.jpg,4
image0028588.jpg,4
ffhq_4175.png,0
ffhq_5391.png,4
image0023870.jpg,0
image0039448.jpg,0
image0036326.jpg,0
ffhq_3150.png,0
ffhq_845.png,0
image0017600.jpg,0
ffhq_40.png,0
image0024055.jpg,0
image0028252.jpg,0
ffhq_4867.png,1
ffhq_4467.png,3
image0028085.jpg,0
ffhq_3353.png,1
image0026793.jpg,4
image0020500.jpg,0
ffhq_157.png,2
image0021427.jpg,4
ffhq_3557.png,1
ffhq_4721.png,1
ffhq_194.png,4
ffhq_654.png,4
ffhq_4462.png,2
ffhq_53.png,0
image0019180.jpg,3
image0041104.jpg,1
ffhq_1190.png,1
ffhq_1076.png,4
image0006341.jpg,4
image0033693.jpg,2
image0017924.jpg,0
image0038736.jpg,2
ffhq_4251.png,4
image0004829.jpg,4
image0023573.jpg,0
ffhq_4517.png,0
ffhq_3721.png,0
ffhq_336.png,1
ffhq_3510.png,1
ffhq_4577.png,1
image0038943.jpg,0
ffhq_3456.png,4
ffhq_738.png,1
image0042256.jpg,1
ffhq_4882.png,1
ffhq_447.png,1
image0004913.jpg,4
image0026192.jpg,0
image0015054.jpg,0
ffhq_5376.png,3
image0024203.jpg,1
image0029052.jpg,1
ffhq_5371.png,1
ffhq_4972.png,1
ffhq_4941.png,0
ffhq_2361.png,0
image0017344.jpg,0
image0021964.jpg,1
ffhq_1082.png,0
image0028397.jpg,2
image0018808.jpg,0
image0032668.jpg,4
ffhq_4398.png,2
ffhq_806.png,0
image0024830.jpg,0
ffhq_4530.png,4
image0031998.jpg,0
ffhq_2922.png,1
ffhq_68.png,1
ffhq_3265.png,1
image0038981.jpg,3
ffhq_2931.png,1
image0025125.jpg,1
image0004498.jpg,0
image0030892.jpg,1
image0033757.jpg,3
ffhq_1069.png,2
image0005449.jpg,0
image0023268.jpg,1
ffhq_2131.png,1
image0023228.jpg,0
ffhq_2488.png,4
image0013529.jpg,0
ffhq_3846.png,3
image0010786.jpg,4
image0022632.jpg,0
ffhq_987.png,1
image0021140.jpg,1
image0032995.jpg,0
ffhq_3064.png,3
ffhq_2454.png,1
image0038264.jpg,2
image0029379.jpg,0
ffhq_1158.png,2
image0012836.jpg,4
image0033641.jpg,2
image0027502.jpg,0
image0034518.jpg,2
image0005662.jpg,0
ffhq_1419.png,1
image0040840.jpg,4
ffhq_5489.png,1
image0031394.jpg,4
image0019680.jpg,1
image0016595.jpg,0
image0022134.jpg,0
ffhq_2351.png,1
image0012360.jpg,1
image0033445.jpg,3
image0028514.jpg,4
image0028800.jpg,4
ffhq_507.png,4
ffhq_2560.png,3
ffhq_1489.png,4
ffhq_4804.png,1
image0023046.jpg,4
ffhq_190.png,0
ffhq_677.png,1
ffhq_1279.png,1
ffhq_2290.png,0
ffhq_255.png,0
ffhq_2238.png,1
image0032935.jpg,4
image0024990.jpg,1
ffhq_4407.png,3
image0032251.jpg,0
image0025650.jpg,3
image0034162.jpg,4
ffhq_5220.png,4
ffhq_1444.png,1
ffhq_4080.png,1
ffhq_746.png,0
image0030842.jpg,3
image0026384.jpg,2
image0036206.jpg,0
ffhq_3157.png,1
image0011819.jpg,3
image0041253.jpg,1
image0040153.jpg,4
image0018986.jpg,4
image0026017.jpg,0
image0035061.jpg,4
ffhq_5478.png,4
ffhq_4052.png,2
ffhq_1717.png,2
image0011730.jpg,0
image0034076.jpg,2
ffhq_5310.png,4
image0027916.jpg,3
image0031334.jpg,3
ffhq_763.png,1
ffhq_5394.png,2
image0017800.jpg,3
image0008045.jpg,0
ffhq_4536.png,1
ffhq_1129.png,1
ffhq_3661.png,1
ffhq_1806.png,0
ffhq_2679.png,1
image0030559.jpg,3
image0019872.jpg,4
ffhq_4848.png,2
ffhq_123.png,4
image0014263.jpg,1
image0034683.jpg,3
ffhq_2021.png,1
image0037526.jpg,1
image0017914.jpg,4
ffhq_2245.png,1
image0020258.jpg,0
image0027554.jpg,0
image0033145.jpg,0
image0026327.jpg,0
ffhq_354.png,0
image0030506.jpg,2
ffhq_656.png,1
ffhq_130.png,4
ffhq_2104.png,1
image0031125.jpg,4
ffhq_2330.png,1
ffhq_3765.png,0
image0033518.jpg,0
ffhq_931.png,1
ffhq_162.png,4
ffhq_2624.png,1
image0020479.jpg,4
image0025056.jpg,0
image0024938.jpg,3
ffhq_705.png,1
ffhq_1937.png,0
image0025531.jpg,0
image0041387.jpg,0
ffhq_1476.png,1
ffhq_3018.png,1
image0016713.jpg,0
image0017609.jpg,0
image0030314.jpg,3
image0020426.jpg,4
ffhq_3148.png,1
image0004577.jpg,4
image0040222.jpg,4
image0040353.jpg,4
ffhq_3225.png,1
ffhq_3563.png,1
image0019729.jpg,0
image0039672.jpg,4
ffhq_108.png,4
ffhq_4078.png,4
image0011600.jpg,4
ffhq_4606.png,0
image0033407.jpg,4
ffhq_761.png,0
image0032097.jpg,4
image0020889.jpg,4
ffhq_2349.png,4
ffhq_538.png,3
image0023322.jpg,0
image0024376.jpg,0
image0028393.jpg,0
ffhq_2223.png,3
ffhq_1946.png,1
image0028579.jpg,3
ffhq_189.png,2
image0031068.jpg,0
image0018272.jpg,0
image0038582.jpg,3
image0029486.jpg,4
image0032420.jpg,0
image0025093.jpg,1
image0029178.jpg,0
image0026613.jpg,0
ffhq_4353.png,4
image0040738.jpg,2
ffhq_2343.png,0
image0022532.jpg,0
image0024102.jpg,3
image0025835.jpg,0
image0031266.jpg,3
image0025948.jpg,1
ffhq_2162.png,2
image0012417.jpg,0
ffhq_2744.png,1
ffhq_4796.png,1
image0027303.jpg,0
image0006081.jpg,1
image0022754.jpg,4
image0028054.jpg,1
ffhq_4975.png,1
image0029624.jpg,4
ffhq_1988.png,1
ffhq_1034.png,4
ffhq_926.png,1
ffhq_2370.png,0
image0036481.jpg,4
image0026909.jpg,2
image0021384.jpg,4
image0022753.jpg,1
image0025012.jpg,4
ffhq_619.png,1
image0002429.jpg,3
ffhq_2465.png,2
image0024128.jpg,0
image0039169.jpg,3
ffhq_4287.png,3
image0017885.jpg,4
ffhq_3239.png,1
image0030171.jpg,0
ffhq_1920.png,4
ffhq_2547.png,0
image0026562.jpg,4
ffhq_817.png,1
ffhq_2567.png,0
image0021263.jpg,4
ffhq_4893.png,1
ffhq_2661.png,4
image0032998.jpg,0
ffhq_2728.png,1
image0019648.jpg,4
ffhq_3968.png,2
image0024551.jpg,0
image0001438.jpg,4
ffhq_1177.png,1
ffhq_3039.png,1
image0035475.jpg,4
ffhq_603.png,1
ffhq_1434.png,2
ffhq_7.png,1
image0027901.jpg,0
image0033924.jpg,4
ffhq_3147.png,2
ffhq_1033.png,4
image0033315.jpg,4
ffhq_829.png,1
image0029411.jpg,3
ffhq_338.png,1
image0034035.jpg,0
image0001529.jpg,1
ffhq_533.png,1
image0032489.jpg,4
image0030003.jpg,0
ffhq_2217.png,1
ffhq_2008.png,1
ffhq_3957.png,1
ffhq_4781.png,4
ffhq_5044.png,2
image0014195.jpg,4
image0024574.jpg,1
image0040849.jpg,0
ffhq_267.png,4
image0037427.jpg,3
ffhq_2841.png,3
ffhq_1515.png,1
image0024874.jpg,1
ffhq_1233.png,0
image0017133.jpg,3
ffhq_4974.png,4
image0023570.jpg,2
image0008479.jpg,0
image0035485.jpg,1
image0011063.jpg,1
ffhq_2187.png,2
image0019657.jpg,2
image0033086.jpg,4
image0022694.jpg,4
image0015146.jpg,3
image0041138.jpg,4
image0030615.jpg,1
image0015798.jpg,0
image0026349.jpg,0
image0037132.jpg,0
image0034093.jpg,4
ffhq_416.png,2
ffhq_1527.png,1
image0019586.jpg,3
image0027097.jpg,0
image0005451.jpg,0
image0028734.jpg,3
ffhq_4031.png,3
image0023005.jpg,4
ffhq_4569.png,1
image0026718.jpg,3
image0021040.jpg,0
image0033460.jpg,4
image0027399.jpg,4
image0025323.jpg,1
ffhq_4587.png,2
image0019274.jpg,3
image0033990.jpg,0
ffhq_4161.png,4
image0022691.jpg,0
ffhq_4612.png,1
ffhq_3896.png,3
image0022253.jpg,0
ffhq_1102.png,4
ffhq_3928.png,1
ffhq_422.png,2
ffhq_807.png,4
ffhq_2737.png,4
ffhq_863.png,2
image0022094.jpg,4
ffhq_3377.png,1
ffhq_1086.png,1
image0029005.jpg,4
image0036434.jpg,0
image0010779.jpg,4
image0008332.jpg,3
ffhq_2239.png,1
image0016471.jpg,1
ffhq_174.png,4
image0030137.jpg,0
image0037170.jpg,4
ffhq_3129.png,1
ffhq_689.png,1
image0033244.jpg,4
ffhq_5617.png,1
ffhq_4898.png,1
ffhq_3386.png,4
image0012392.jpg,0
image0014639.jpg,0
image0010762.jpg,4
ffhq_5235.png,1
ffhq_2010.png,2
ffhq_2510.png,1
image0020852.jpg,0
image0031406.jpg,0
ffhq_1712.png,1
image0004052.jpg,1
image0016133.jpg,0
ffhq_4324.png,1
image0018076.jpg,3
ffhq_4443.png,3
ffhq_1848.png,1
image0032235.jpg,0
image0010004.jpg,0
image0000274.jpg,0
ffhq_848.png,3
ffhq_1762.png,1
image0028005.jpg,0
image0003916.jpg,1
image0006069.jpg,4
image0039270.jpg,1
ffhq_2618.png,4
image0001187.jpg,0
ffhq_5015.png,3
image0039946.jpg,4
image0019742.jpg,4
image0031054.jpg,4
ffhq_127.png,0
ffhq_4993.png,0
image0017958.jpg,0
ffhq_544.png,4
ffhq_2024.png,1
ffhq_680.png,4
image0024334.jpg,4
image0021638.jpg,4
ffhq_2441.png,4
ffhq_2478.png,3
image0018544.jpg,0
image0012068.jpg,4
ffhq_2910.png,0
ffhq_2644.png,1
image0012384.jpg,2
ffhq_2116.png,1
ffhq_2253.png,1
image0029229.jpg,4
image0036170.jpg,4
image0032843.jpg,3
ffhq_3378.png,4
ffhq_1473.png,0
image0006544.jpg,0
image0021218.jpg,0
image0006235.jpg,0
ffhq_2218.png,4
image0025863.jpg,4
image0026756.jpg,4
image0034460.jpg,0
image0028045.jpg,2
image0032476.jpg,0
image0008289.jpg,0
ffhq_2161.png,4
ffhq_5567.png,4
image0024159.jpg,4
image0022947.jpg,3
image0019493.jpg,0
ffhq_889.png,0
image0020642.jpg,0
image0024769.jpg,2
image0023995.jpg,4
ffhq_3228.png,3
image0029456.jpg,0
image0025079.jpg,0
image0013929.jpg,0
ffhq_626.png,4
ffhq_4799.png,1
image0023556.jpg,4
image0003297.jpg,4
ffhq_4473.png,1
image0017931.jpg,2
ffhq_5370.png,1
image0038348.jpg,0
image0032874.jpg,4
ffhq_3828.png,4
image0027721.jpg,0
ffhq_5509.png,3
ffhq_4607.png,1
ffhq_146.png,1
image0021820.jpg,4
image0037406.jpg,3
ffhq_2799.png,1
image0029704.jpg,0
ffhq_923.png,1
image0012820.jpg,2
image0041996.jpg,4
image0011156.jpg,1
image0019325.jpg,0
image0029218.jpg,4
ffhq_4392.png,1
image0012992.jpg,0
ffhq_379.png,1
image0028626.jpg,1
image0030262.jpg,0
ffhq_4221.png,4
image0033964.jpg,4
image0004383.jpg,0
image0018722.jpg,4
image0013356.jpg,0
image0033263.jpg,4
ffhq_2807.png,3
ffhq_4375.png,4
image0027534.jpg,0
ffhq_4765.png,0
image0018499.jpg,0
ffhq_4803.png,1
image0022042.jpg,0
ffhq_360.png,3
image0024729.jpg,0
image0023849.jpg,4
image0007246.jpg,1
image0018807.jpg,0
ffhq_890.png,0
ffhq_1285.png,3
image0028014.jpg,4
image0022092.jpg,2
image0023860.jpg,1
image0007659.jpg,4
ffhq_4839.png,0
ffhq_3756.png,0
image0003757.jpg,0
ffhq_2806.png,1
image0019898.jpg,4
image0016993.jpg,0
ffhq_2005.png,3
ffhq_351.png,0
ffhq_4035.png,3
image0030797.jpg,1
ffhq_3335.png,0
image0027054.jpg,4
image0018019.jpg,1
ffhq_1609.png,4
image0018526.jpg,0
ffhq_2170.png,2
ffhq_2371.png,0
ffhq_4656.png,4
ffhq_1078.png,0
image0026806.jpg,1
image0014497.jpg,4
ffhq_2872.png,1
image0041320.jpg,3
ffhq_1577.png,0
ffhq_4298.png,1
image0006245.jpg,0
image0011777.jpg,1
image0024779.jpg,1
image0022886.jpg,0
image0026178.jpg,4
image0026957.jpg,4
image0034439.jpg,4
ffhq_3135.png,0
ffhq_3536.png,0
image0030401.jpg,0
image0007531.jpg,4
ffhq_1385.png,2
image0027838.jpg,3
image0009010.jpg,3
ffhq_2900.png,1
image0025507.jpg,4
ffhq_1654.png,0
image0021704.jpg,0
ffhq_1120.png,1
ffhq_1670.png,4
image0038208.jpg,1
ffhq_1199.png,3
image0028939.jpg,4
image0020879.jpg,1
image0013111.jpg,1
image0036830.jpg,4
ffhq_3463.png,1
ffhq_1145.png,4
ffhq_2376.png,4
ffhq_683.png,1
ffhq_1733.png,0
ffhq_2960.png,0
ffhq_2433.png,0
ffhq_158.png,4
image0022348.jpg,0
ffhq_1571.png,2
ffhq_3945.png,3
image0034092.jpg,0
image0034611.jpg,4
image0000896.jpg,4
ffhq_2408.png,1
image0026849.jpg,4
ffhq_1758.png,1
image0022873.jpg,3
image0027438.jpg,0
image0037496.jpg,4
image0024086.jpg,4
image0021608.jpg,1
ffhq_655.png,1
ffhq_1926.png,0
image0022547.jpg,1
image0033143.jpg,2
image0023034.jpg,0
image0010268.jpg,0
ffhq_2121.png,3
image0025414.jpg,1
ffhq_5037.png,3
image0019108.jpg,0
ffhq_2329.png,4
ffhq_4459.png,0
image0020136.jpg,4
image0016141.jpg,0
ffhq_3317.png,0
image0028360.jpg,0
image0030170.jpg,0
ffhq_256.png,4
image0021393.jpg,4
ffhq_5464.png,0
ffhq_327.png,0
ffhq_4085.png,1
image0019583.jpg,4
ffhq_3979.png,4
ffhq_4879.png,1
image0041314.jpg,0
ffhq_3055.png,1
image0041827.jpg,0
ffhq_1919.png,1
image0020384.jpg,4
image0022908.jpg,0
ffhq_4145.png,3
image0031800.jpg,4
ffhq_1707.png,4
ffhq_3034.png,4
image0027617.jpg,4
image0033396.jpg,4
image0034566.jpg,4
ffhq_3045.png,4
ffhq_87.png,1
image0030577.jpg,4
ffhq_2654.png,4
ffhq_2180.png,3
ffhq_1222.png,4
image0039100.jpg,4
image0034437.jpg,0
image0021987.jpg,4
ffhq_38.png,4
image0034132.jpg,4
image0027975.jpg,4
ffhq_1559.png,1
ffhq_4114.png,0
image0032937.jpg,3
ffhq_637.png,1
image0033995.jpg,4
image0030655.jpg,4
image0033901.jpg,4
ffhq_4992.png,2
image0033298.jpg,4
ffhq_1046.png,1
ffhq_4445.png,3
ffhq_2298.png,4
ffhq_2809.png,0
image0034077.jpg,4
ffhq_3286.png,1
ffhq_2961.png,4
image0040184.jpg,1
image0021879.jpg,1
ffhq_2461.png,1
ffhq_1610.png,1
image0036647.jpg,4
ffhq_3824.png,1
ffhq_3207.png,4
image0039309.jpg,3
image0028711.jpg,1
ffhq_2985.png,1
ffhq_4831.png,1
image0014988.jpg,0
ffhq_3959.png,1
ffhq_1388.png,4
image0029729.jpg,3
image0034673.jpg,0
image0040038.jpg,1
image0029085.jpg,1
image0006101.jpg,0
ffhq_915.png,1
ffhq_2149.png,3
ffhq_55.png,4
image0019121.jpg,0
ffhq_4837.png,3
image0032494.jpg,0
ffhq_4506.png,3
image0031004.jpg,4
ffhq_3944.png,3
image0024022.jpg,3
ffhq_136.png,1
image0037938.jpg,0
ffhq_4821.png,3
ffhq_1281.png,0
image0031313.jpg,4
image0036707.jpg,0
image0019475.jpg,4
ffhq_1961.png,0
image0024019.jpg,4
image0033982.jpg,4
image0001741.jpg,0
ffhq_2216.png,1
ffhq_1483.png,1
ffhq_4112.png,3
image0027137.jpg,1
ffhq_1390.png,0
image0030873.jpg,3
ffhq_4599.png,1
ffhq_1192.png,3
image0002024.jpg,4
ffhq_1361.png,4
ffhq_4269.png,1
ffhq_1824.png,1
ffhq_5078.png,4
ffhq_878.png,2
ffhq_1049.png,4
ffhq_970.png,1
image0033567.jpg,2
image0019497.jpg,4
ffhq_4341.png,1
image0008462.jpg,3
image0022076.jpg,4
image0021202.jpg,4
image0033986.jpg,1
ffhq_2117.png,1
image0032069.jpg,4
ffhq_3794.png,0
image0002601.jpg,3
image0030459.jpg,0
image0000096.jpg,0
image0025755.jpg,0
image0013487.jpg,2
ffhq_2039.png,1
ffhq_4682.png,2
image0013749.jpg,0
ffhq_5211.png,0
ffhq_4004.png,1
ffhq_4235.png,4
image0001922.jpg,0
ffhq_4863.png,1
image0020626.jpg,4
ffhq_1975.png,1
ffhq_4886.png,1
ffhq_4397.png,1
image0028909.jpg,4
ffhq_2168.png,0
ffhq_2221.png,4
ffhq_4115.png,3
ffhq_1275.png,1
image0017690.jpg,4
image0007389.jpg,0
ffhq_1774.png,0
ffhq_4596.png,3
image0014501.jpg,4
image0026320.jpg,4
ffhq_4253.png,4
